[
  {
    "id": "1f9e3bc5-d231-41eb-9da8-dac1972a1205",
    "request_type": "company_registration",
    "status": "approved",
    "email": "successtest@example.com",
    "username": "successtest@example.com",
    "first_name": "Success",
    "last_name": "Test Admin",
    "phone": "555-1234",
    "company_name": "Success Test Construction",
    "company_description": "A successful test company",
    "company_website": "https://successtest.com",
    "created_at": "2025-10-19T07:13:32.656718+00:00",
    "approved_by": "superadmin",
    "approved_at": "2025-10-19T07:13:32.726919+00:00",
    "rejection_reason": "",
    "metadata": {
      "request_source": "web_form",
      "ip_address": "127.0.0.1",
      "user_agent": "Test Agent"
    }
  },
  {
    "id": "6c1b2907-09aa-4913-b36e-e90b40ded2da",
    "request_type": "company_registration",
    "status": "pending",
    "email": "finaltestcompany@example.com",
    "username": "finaltestcompany@example.com",
    "first_name": "Final",
    "last_name": "Test Admin",
    "phone": "555-9999",
    "company_name": "Final Test Construction Co",
    "company_description": "Final test company",
    "company_website": "https://finaltest.com",
    "created_at": "2025-10-19T07:12:31.636458+00:00",
    "approved_by": null,
    "approved_at": null,
    "rejection_reason": "",
    "metadata": {
      "request_source": "web_form",
      "ip_address": "127.0.0.1",
      "user_agent": "Test Agent"
    }
  },
  {
    "id": "5146053f-b94d-45a9-bf44-b4be31c08743",
    "request_type": "company_registration",
    "status": "pending",
    "email": "testcompany2@example.com",
    "username": "testcompany2@example.com",
    "first_name": "Test",
    "last_name": "Company Admin",
    "phone": "555-0123",
    "company_name": "Test Construction Co 2",
    "company_description": "A test construction company",
    "company_website": "https://testconstruction.com",
    "created_at": "2025-10-19T07:11:41.704412+00:00",
    "approved_by": null,
    "approved_at": null,
    "rejection_reason": "",
    "metadata": {
      "request_source": "web_form",
      "ip_address": "127.0.0.1",
      "user_agent": "Test Agent"
    }
  }
]