[
  {
    "user_id": 8,
    "username": "superadmin",
    "email": "admin@constructpro.com",
    "is_primary_owner": true,
    "delegation_level": "full",
    "permissions": {
      "can_manage_companies": true,
      "can_manage_users": true,
      "can_activate_accounts": true,
      "can_access_django_admin": true,
      "can_delegate_permissions": true,
      "can_manage_billing": true,
      "can_view_system_analytics": true
    },
    "allowed_companies": [],
    "created_by": null,
    "created_at": "2025-10-18T23:12:59.584638+00:00"
  },
  {
    "user_id": 7,
    "username": "adminuser",
    "email": "admin@constrruct.com",
    "is_primary_owner": false,
    "delegation_level": "full",
    "permissions": {
      "can_manage_companies": true,
      "can_manage_users": true,
      "can_activate_accounts": true,
      "can_access_django_admin": true,
      "can_delegate_permissions": true,
      "can_manage_billing": true,
      "can_view_system_analytics": true
    },
    "allowed_companies": [],
    "created_by": null,
    "created_at": "2025-10-18T23:01:36.118550+00:00"
  },
  {
    "user_id": 12,
    "username": "msa",
    "email": "msa@contruct.com",
    "is_primary_owner": false,
    "delegation_level": "company_management",
    "permissions": {
      "can_manage_companies": true,
      "can_manage_users": true,
      "can_activate_accounts": true,
      "can_access_django_admin": true,
      "can_delegate_permissions": true,
      "can_manage_billing": true,
      "can_view_system_analytics": true
    },
    "allowed_companies": [],
    "created_by": null,
    "created_at": "2025-10-19T06:32:44.125518+00:00"
  },
  {
    "user_id": 13,
    "username": "admin",
    "email": "admin@constructtracker.com",
    "is_primary_owner": false,
    "delegation_level": "full",
    "permissions": {
      "can_manage_companies": true,
      "can_manage_users": true,
      "can_activate_accounts": true,
      "can_access_django_admin": true,
      "can_delegate_permissions": true,
      "can_manage_billing": true,
      "can_view_system_analytics": true
    },
    "allowed_companies": [],
    "created_by": null,
    "created_at": "2025-10-19T06:44:17.865825+00:00"
  },
  {
    "user_id": 5,
    "username": "superowner",
    "email": "superowner@example.com",
    "is_primary_owner": false,
    "delegation_level": "full",
    "permissions": {
      "can_manage_companies": true,
      "can_manage_users": true,
      "can_activate_accounts": true,
      "can_access_django_admin": true,
      "can_delegate_permissions": true,
      "can_manage_billing": true,
      "can_view_system_analytics": true
    },
    "allowed_companies": [],
    "created_by": null,
    "created_at": "2025-10-18T21:24:13.023267+00:00"
  }
]