{
  "site_url": "http://localhost:8000",
  "default_currency": "NGN",
  "email_backend": "django.core.mail.backends.console.EmailBackend",
  "debug": true,
  "allowed_hosts": [
    "localhost",
    "127.0.0.1"
  ],
  "installed_apps": [
    "django.contrib.admin",
    "django.contrib.auth",
    "django.contrib.contenttypes",
    "django.contrib.sessions",
    "django.contrib.messages",
    "django.contrib.staticfiles",
    "rest_framework",
    "corsheaders",
    "crispy_forms",
    "crispy_bootstrap5",
    "django_extensions",
    "core",
    "projects",
    "expenses",
    "contractors",
    "dashboard"
  ]
}