[
  {
    "id": 5,
    "username": "superowner",
    "email": "superowner@example.com",
    "first_name": "Super",
    "last_name": "Owner",
    "is_active": true,
    "is_staff": true,
    "is_superuser": true,
    "date_joined": "2025-10-18T21:24:12.400236+00:00",
    "last_login": null,
    "profile": {
      "phone": "",
      "account_type": "individual",
      "is_account_active": true,
      "is_verified": false,
      "last_company": null,
      "activated_at": "2025-10-18T21:24:13.015669+00:00"
    }
  },
  {
    "id": 7,
    "username": "adminuser",
    "email": "admin@constrruct.com",
    "first_name": "Muhammad",
    "last_name": "Salihu",
    "is_active": true,
    "is_staff": true,
    "is_superuser": false,
    "date_joined": "2025-10-18T23:01:35.546450+00:00",
    "last_login": "2025-10-18T23:18:52.529442+00:00",
    "profile": {
      "phone": "",
      "account_type": "individual",
      "is_account_active": true,
      "is_verified": true,
      "last_company": null,
      "activated_at": "2025-10-18T23:01:35.546450+00:00"
    }
  },
  {
    "id": 8,
    "username": "superadmin",
    "email": "admin@constructpro.com",
    "first_name": "Super",
    "last_name": "Admin",
    "is_active": true,
    "is_staff": true,
    "is_superuser": true,
    "date_joined": "2025-10-18T23:12:59.129551+00:00",
    "last_login": "2025-10-19T06:59:10.642920+00:00",
    "profile": {
      "phone": "",
      "account_type": "individual",
      "is_account_active": true,
      "is_verified": true,
      "last_company": null,
      "activated_at": "2025-10-18T23:12:59.129551+00:00"
    }
  },
  {
    "id": 12,
    "username": "msa",
    "email": "msa@contruct.com",
    "first_name": "Muhammad",
    "last_name": "Salihu",
    "is_active": true,
    "is_staff": true,
    "is_superuser": false,
    "date_joined": "2025-10-19T06:32:43.626770+00:00",
    "last_login": "2025-10-19T07:12:50.879734+00:00",
    "profile": {
      "phone": "",
      "account_type": "individual",
      "is_account_active": true,
      "is_verified": true,
      "last_company": null,
      "activated_at": "2025-10-19T06:32:43.626770+00:00"
    }
  },
  {
    "id": 13,
    "username": "admin",
    "email": "admin@constructtracker.com",
    "first_name": "Super",
    "last_name": "Admin",
    "is_active": true,
    "is_staff": true,
    "is_superuser": true,
    "date_joined": "2025-10-19T06:44:17.383619+00:00",
    "last_login": "2025-10-19T06:48:27.640588+00:00",
    "profile": {
      "phone": "",
      "account_type": "individual",
      "is_account_active": true,
      "is_verified": true,
      "last_company": null,
      "activated_at": "2025-10-19T06:44:17.863150+00:00"
    }
  },
  {
    "id": 14,
    "username": "successtest@example.com",
    "email": "successtest@example.com",
    "first_name": "Success",
    "last_name": "Test Admin",
    "is_active": true,
    "is_staff": false,
    "is_superuser": false,
    "date_joined": "2025-10-19T07:13:32.728050+00:00",
    "last_login": null,
    "profile": {
      "phone": "555-1234",
      "account_type": "company_admin",
      "is_account_active": true,
      "is_verified": true,
      "last_company": "f8737cb3-ec74-4c42-b322-b7c08f17fcc6",
      "activated_at": "2025-10-19T07:13:33.287715+00:00"
    }
  }
]