Date,Type,Name,Email,Company,Status,Approved By
2025-10-19,Company Registration,Final Test User,finaltest2@example.com,Final Test Company 2,Approved,Super Admin
2025-10-19,Company Registration,Success Test Admin,successtest@example.com,Success Test Construction,Approved,Super Admin
2025-10-19,Company Registration,Final Test Admin,finaltestcompany@example.com,Final Test Construction Co,Pending Approval,
2025-10-19,Company Registration,Test Company Admin,testcompany2@example.com,Test Construction Co 2,Pending Approval,
