Username,Email,First Name,Last Name,Active,Staff,Joined
superowner,superowner@example.com,Super,Owner,Yes,Yes,2025-10-18
adminuser,admin@constrruct.com,Muhammad,Salihu,Yes,Yes,2025-10-18
superadmin,admin@constructpro.com,Super,Admin,Yes,Yes,2025-10-18
msa,msa@contruct.com,Muhammad,Salihu,Yes,Yes,2025-10-19
admin,admin@constructtracker.com,Super,Admin,Yes,Yes,2025-10-19
successtest@example.com,successtest@example.com,Success,Test Admin,Yes,No,2025-10-19
finaltest2@example.com,finaltest2@example.com,Final,Test User,Yes,No,2025-10-19
