[
  {
    "id": "5146053f-b94d-45a9-bf44-b4be31c08743",
    "request_type": "company_registration",
    "status": "pending",
    "email": "testcompany2@example.com",
    "username": "testcompany2@example.com",
    "first_name": "Test",
    "last_name": "Company Admin",
    "phone": "555-0123",
    "company_name": "Test Construction Co 2",
    "company_description": "A test construction company",
    "company_website": "https://testconstruction.com",
    "created_at": "2025-10-19T07:11:41.704412+00:00",
    "approved_by": null,
    "approved_at": null,
    "rejection_reason": "",
    "metadata": {
      "request_source": "web_form",
      "ip_address": "127.0.0.1",
      "user_agent": "Test Agent"
    }
  }
]